Statistic Measure,SVM,Random Forest,Naive Bayes
Accuracy,0.629944717925,0.727508009064,0.633724019378
